"CBSA Code","CBSA","CO 2nd Max 1-hr","CO 2nd Max 8-hr","NO2 98th Percentile 1-hr","NO2 Mean 1-hr","Ozone 2nd Max 1-hr","Ozone 4th Max 8-hr","SO2 99th Percentile 1-hr","SO2 2nd Max 24-hr","SO2 Mean 1-hr","PM2.5 98th Percentile 24-hr","PM2.5 Weighted Mean 24-hr","PM10 2nd Max 24-hr","PM10 Mean 24-hr","Lead Max 3-Mo Avg"
"10100","Aberdeen, SD",".",".",".",".",".",".",".",".",".","22","7.3","66","20","."
"10300","Adrian, MI",".",".",".",".","0.08","0.064",".",".",".","17","7.9",".",".","."
"10420","Akron, OH","1.3","0.8",".",".","0.07","0.06","59","19","3","25","10.9",".",".","."
"10500","Albany, GA",".",".",".",".",".",".",".",".",".","30","11.6",".",".","."
"10580","Albany-Schenectady-Troy, NY","1","0.8",".",".","0.07","0.064","9","4","2","20","7.1",".",".","."
"10740","Albuquerque, NM","2.4","1.1","45","12","0.08","0.072","4","2","1","19","8.7","155","29","0.01"
"10780","Alexandria, LA",".",".",".",".",".",".",".",".",".","16","7.3",".",".","."
"10900","Allentown-Bethlehem-Easton, PA-NJ","1.5","1.1","43","13","0.09","0.068","81","14","1","34","10.3","42","12","."
"11020","Altoona, PA",".",".",".",".","0.07","0.065",".",".",".","33","12.2","36","14","."
"11100","Amarillo, TX",".",".",".",".","0.08","0.07",".",".",".",".",".",".",".","."
"11140","Americus, GA",".",".",".",".","0.07","0.06",".",".",".",".",".",".",".","."
"11180","Ames, IA",".",".",".",".","0.07","0.062",".",".",".",".",".",".",".","."
"11260","Anchorage, AK","5.2","4",".",".",".",".",".",".",".","28","6.4","120","23","."
"11460","Ann Arbor, MI",".",".",".",".","0.08","0.066",".",".",".","19","9.2",".",".","."
"11540","Appleton, WI",".",".",".",".","0.08","0.067",".",".",".","22","8",".",".","."
"11620","Ardmore, OK",".",".",".",".","0.09","0.078",".",".",".",".",".",".",".","."
"11640","Arecibo, PR",".",".",".",".",".",".",".",".",".",".",".",".",".","2.5"
"11660","Arkadelphia, AR",".",".",".",".","0.08","0.067",".",".",".",".",".",".",".","."
"11700","Asheville, NC",".",".",".",".","0.07","0.064",".",".",".","18","8.4",".",".","."
"11780","Ashtabula, OH",".",".",".",".","0.08","0.07","29","6","1",".",".",".",".","."
"11900","Athens, OH",".",".",".",".",".",".",".",".",".","16","8.1",".",".","."
"12020","Athens-Clarke County, GA",".",".",".",".","0.07","0.06",".",".",".","28","9.7",".",".","."
"12060","Atlanta-Sandy Springs-Roswell, GA","1.7","1.2","43","9","0.1","0.071","9","2","1","20","10.4","34","18","0.01"
"12100","Atlantic City-Hammonton, NJ",".",".",".",".","0.08","0.07","7","2","0","22","8.6",".",".","."
"12260","Augusta-Richmond County, GA-SC",".",".",".",".","0.08","0.063","63","9","2","18","9.2","28","15","."
"12300","Augusta-Waterville, ME",".",".","31","4","0.08","0.065",".",".",".",".",".","34","13","."
"12420","Austin-Round Rock, TX","0.6","0.4",".","5","0.08","0.07","5","2","1","24","7.2","51","14","."
"12540","Bakersfield, CA","1.7","1.1","56","14","0.11","0.087",".",".",".","97","22.8","111","51","."
"12580","Baltimore-Columbia-Towson, MD","2.2","1.4","47","15","0.1","0.072","21","4","1","30","11.3","27","14","."
"12620","Bangor, ME",".",".",".",".","0.08","0.064",".",".",".",".",".",".",".","."
"12660","Baraboo, WI",".",".",".",".","0.07","0.063",".",".",".","16","7.1","31","11","."
"12700","Barnstable Town, MA",".",".",".",".","0.08","0.071",".",".",".",".",".",".",".","."
"12940","Baton Rouge, LA","2.1","1.8","48","10","0.1","0.069","27","7","2","25","9.9","68","23","."
"13020","Bay City, MI",".",".",".",".",".",".",".",".",".","16","7.5",".",".","."
"13140","Beaumont-Port Arthur, TX","0.7","0.5","33","6","0.08","0.067","50","13","1",".",".",".",".","."
"13180","Beaver Dam, WI","0.9","0.3",".",".","0.08","0.067","9","2","0","18","7.9","35","14","."
"13220","Beckley, WV",".",".",".",".",".",".",".",".",".","18","7.5",".",".","."
"13340","Bellefontaine, OH",".",".",".",".",".",".",".",".",".",".",".",".",".","0"
"13380","Bellingham, WA",".",".",".",".","0.05","0.043",".",".",".","18","6.7",".",".","."
"13460","Bend-Redmond, OR",".",".",".",".","0.06","0.056",".",".",".",".",".",".",".","."
"13540","Bennington, VT",".",".",".",".","0.07","0.062",".",".",".","15","6",".",".","."
"13620","Berlin, NH-VT",".",".",".",".","0.08","0.067",".",".",".",".",".",".",".","."
"13740","Billings, MT",".",".",".",".",".",".","48","18","3",".",".",".",".","."
"13820","Birmingham-Hoover, AL","5.6","1.7",".",".","0.08","0.067","29","5","1","21","10.6","58","24","0.02"
"13860","Bishop, CA",".",".",".",".","0.08","0.07",".",".",".","39","8.1","424","27","."
"13900","Bismarck, ND",".",".","34","5","0.07","0.062","24","6","1","17","6.7","71","14","."
"13980","Blacksburg-Christiansburg-Radford, VA",".",".",".",".","0.07","0.061",".",".",".",".",".",".",".","."
"14010","Bloomington, IL",".",".",".",".","0.08","0.069",".",".",".",".",".",".",".","."
"14020","Bloomington, IN",".",".",".",".","0.07","0.068",".",".",".","22","9.8",".",".","."
"14260","Boise City, ID","3","1.4",".","11","0.1","0.074",".",".",".",".",".",".",".","0"
"14380","Boone, NC",".",".",".",".",".",".",".",".",".","14","7.1",".",".","."
"14460","Boston-Cambridge-Newton, MA-NH","1.8","1.2","50","18","0.09","0.073","31","7","2","20","9","50","19","0"
"14500","Boulder, CO",".",".",".",".","0.09","0.079",".",".",".","23","7.1","51","23","."
"14540","Bowling Green, KY","0.2","0.3",".",".","0.07","0.063","11","3","1","19","9.8",".",".","."
"14580","Bozeman, MT","6.1","1.1","33","2",".",".",".",".",".",".",".",".",".","."
"14660","Brainerd, MN",".",".",".",".","0.07","0.06",".",".",".","15","4",".",".","."
"14700","Branson, MO",".",".",".",".","0.07","0.063",".",".",".",".",".",".",".","."
"14740","Bremerton-Silverdale, WA",".",".",".",".",".",".",".",".",".","13","4.7",".",".","."
"14860","Bridgeport-Stamford-Norwalk, CT","3.2","1.8","44","9","0.12","0.09","12","6","1","27","8.7","36","16","."
"15100","Brookings, SD",".",".",".",".","0.07","0.063",".",".",".","23","8.2","74","20","."
"15180","Brownsville-Harlingen, TX","1.5","0.8",".",".","0.07","0.062",".",".",".",".",".",".",".","."
"15260","Brunswick, GA",".",".",".",".","0.07","0.057",".",".",".",".",".",".",".","."
"15380","Buffalo-Cheektowaga-Niagara Falls, NY","1.9","1.3",".",".","0.08","0.071","20","9","3","20","8",".",".","."
"15500","Burlington, NC",".",".",".",".",".",".",".",".",".","21","8.6",".",".","."
"15540","Burlington-South Burlington, VT","1.6","0.9","31","7","0.07","0.062",".",".",".","16","6.1","19","7","."
"15580","Butte-Silver Bow, MT",".",".",".",".",".",".",".",".",".","58","10.4","77","22","."
"15620","Cadillac, MI",".",".","8","1","0.08","0.066",".",".",".","17","5.5",".",".","."
"15700","Cambridge, MD","0.4","0.3",".",".","0.08","0.068",".",".",".","18","7.2",".",".","."
"15860","CaÂ¤on City, CO",".",".",".",".",".",".",".",".",".",".",".","66","20","."
"15940","Canton-Massillon, OH","1.3","0.9",".",".","0.08","0.07",".",".",".","28","12",".",".","0.02"
"15980","Cape Coral-Fort Myers, FL",".",".",".",".","0.07","0.066",".",".",".",".",".","49","14","."
"16100","Carlsbad-Artesia, NM",".",".","17","2","0.08","0.069",".",".",".",".",".",".",".","."
"16180","Carson City, NV",".",".",".",".","0.08","0.065",".",".",".",".",".",".",".","."
"16220","Casper, WY",".",".",".","6","0.08","0.065","38","18","2","13","4.3","38","16","."
"16300","Cedar Rapids, IA","2.7","1.2",".",".","0.07","0.06","25","5","1","24","9.8","55","22","."
"16540","Chambersburg-Waynesboro, PA",".",".",".",".","0.08","0.07",".",".",".",".",".",".",".","0.01"
"16580","Champaign-Urbana, IL","0.3","0.3",".",".","0.07","0.066","14","3","1",".",".",".",".","."
"16620","Charleston, WV",".",".",".",".","0.08","0.067","42","18","4","20","9.8",".",".","."
"16700","Charleston-North Charleston, SC",".",".","37","7","0.07","0.059","5","2","0",".",".","34","15","."
"16740","Charlotte-Concord-Gastonia, NC-SC","1.9","1.6","39","8","0.08","0.067","8","2","0","19","9.2","45","19","0"
"16820","Charlottesville, VA",".",".",".",".","0.07","0.06",".",".",".","19","7.6",".",".","."
"16860","Chattanooga, TN-GA",".",".",".",".","0.08","0.064",".",".",".","20","9.3","31","15","."
"16940","Cheyenne, WY","0.4","0.3","37","4","0.08","0.069","6","2","0","12","4.6","38","12","."
"16980","Chicago-Naperville-Elgin, IL-IN-WI","2.7","1.4","64","21","0.09","0.075","73","17","4","27","12.2","121","30","0.1"
"17020","Chico, CA","2","1.4","40","8","0.09","0.073",".",".",".","30","10.1","51","24","."
"17140","Cincinnati, OH-KY-IN","1.5","0.9","33","12","0.09","0.072","71","21","3","26","13.3","106","42","0.01"
"17200","Claremont-Lebanon, NH-VT",".",".",".",".","0.07","0.061",".",".",".","17","6.5",".",".","."
"17220","Clarksburg, WV",".",".",".",".",".",".",".",".",".","19","8.8",".",".","."
"17300","Clarksville, TN-KY",".",".",".",".","0.08","0.064","28","6","1","22","9.8","26","14","."
"17340","Clearlake, CA",".",".",".",".","0.07","0.059",".",".",".","8","3.9","20","9","."
"17380","Cleveland, MS",".",".",".",".","0.08","0.065",".",".",".",".",".",".",".","."
"17460","Cleveland-Elyria, OH","7.8","4.6","53","13","0.08","0.07","119","31","4","26","12.2","95","41","0.06"
"17540","Clinton, IA",".",".",".",".","0.07","0.062","35","12","1","26","10.7",".",".","."
"17640","Coco, PR",".",".",".",".",".",".","30","11","4",".",".",".",".","."
"17820","Colorado Springs, CO","3.3","1.8",".",".","0.09","0.074","58","14","3","18","6",".",".","."
"17860","Columbia, MO",".",".",".",".","0.08","0.062",".",".",".",".",".",".",".","."
"17900","Columbia, SC","1.1","0.7",".","4","0.07","0.061","22","3","0","19","9","36","16","0"
"17980","Columbus, GA-AL",".",".",".",".","0.07","0.063",".",".",".","27","10",".",".","0.12"
"18140","Columbus, OH","1.6","1",".",".","0.08","0.073","13","5","1","24","10.7","41","22","0.01"
"18180","Concord, NH",".",".",".",".","0.07","0.065","17","6","1","15","7.5",".",".","."
"18260","Cookeville, TN",".",".",".",".",".",".",".",".",".","17","8.3",".",".","."
"18500","Corning, NY","0.4","0.4",".",".","0.07","0.061","8","4","0",".",".",".",".","."
"18580","Corpus Christi, TX",".",".",".",".","0.08","0.066","4","2","0","28","9.8","55","23","."
"18620","Corsicana, TX",".",".","28","4","0.09","0.074","30","7","1",".",".",".",".","."
"18780","Craig, CO",".",".",".",".","0.07","0.065",".",".",".",".",".",".",".","."
"18860","Crescent City, CA",".",".",".",".",".",".",".",".",".",".",".","36","14","."
"18880","Crestview-Fort Walton Beach-Destin, FL",".",".",".",".","0.07","0.062",".",".",".",".",".",".",".","."
"19000","Cullowhee, NC",".",".",".",".","0.07","0.067",".",".",".","16","8.1",".",".","."
"19100","Dallas-Fort Worth-Arlington, TX","2","1.5","49","12","0.1","0.085","16","3","1","26","12.9","93","30","0.08"
"19140","Dalton, GA",".",".",".",".","0.07","0.062",".",".",".",".",".",".",".","."
"19300","Daphne-Fairhope-Foley, AL",".",".",".",".","0.07","0.062",".",".",".","17","8.4",".",".","."
"19340","Davenport-Moline-Rock Island, IA-IL","1.2","0.7","39","7","0.07","0.06","15","4","1","26","10.4","136","44","."
"19380","Dayton, OH","1.8","1.2",".",".","0.09","0.07","16","5","1","23","10.9","32","18","0.01"
"19460","Decatur, AL",".",".",".",".","0.07","0.06",".",".",".","16","8.6",".",".","."
"19500","Decatur, IL",".",".",".",".","0.07","0.064","33","14","2",".",".",".",".","0.05"
"19660","Deltona-Daytona Beach-Ormond Beach, FL",".",".",".",".","0.07","0.061",".",".",".",".",".",".",".","."
"19700","Deming, NM",".",".","29","4","0.07","0.067",".",".",".",".",".","58","16","."
"19740","Denver-Aurora-Lakewood, CO","5.7","2.5","68","24","0.11","0.085","38","11","2","29","8.7","97","34","0.02"
"19780","Des Moines-West Des Moines, IA","1.8","1.3","37","9","0.07","0.059","1","0","0","22","9","45","20","."
"19820","Detroit-Warren-Dearborn, MI","4.8","1.6","48","18","0.1","0.072","72","24","3","25","11","81","26","0.04"
"19860","Dickinson, ND",".",".",".",".","0.06","0.057","4","2","0","12","4.7",".",".","."
"19980","Dodge City, KS",".",".",".",".",".",".",".",".",".",".",".","30","8","."
"20020","Dothan, AL",".",".",".",".","0.07","0.061",".",".",".","18","8.3",".",".","."
"20100","Dover, DE",".",".",".",".","0.07","0.064",".",".",".","23","8.1",".",".","."
"20180","DuBois, PA",".",".",".",".","0.08","0.067",".",".",".",".",".",".",".","."
"20260","Duluth, MN-WI","4.6","1.4",".",".","0.07","0.059",".",".",".","19","7.7","59","24","0"
"20420","Durango, CO","1.7","1","35","6","0.08","0.072",".",".",".",".",".","38","20","."
"20500","Durham-Chapel Hill, NC",".",".",".",".","0.08","0.062","6","1","0","18","7.8","24","12","."
"20700","East Stroudsburg, PA",".",".",".",".","0.07","0.062",".",".",".","22","9.4",".",".","."
"20740","Eau Claire, WI",".",".",".",".","0.07","0.06",".",".",".","20","7.3","52","19","."
"20820","Effingham, IL",".",".",".",".","0.07","0.064",".",".",".",".",".",".",".","."
"20940","El Centro, CA","5.2","3.9","62","13","0.11","0.08",".",".",".","27","13.3","289","52","0.02"
"20980","El Dorado, AR",".",".",".",".",".",".","20","4","2","21","9.6",".",".","."
"21060","Elizabethtown-Fort Knox, KY",".",".",".",".","0.07","0.062",".",".",".","21","9.8",".",".","."
"21140","Elkhart-Goshen, IN",".",".",".",".","0.06","0.055",".",".",".","19","9.5",".",".","."
"21220","Elko, NV",".",".",".",".",".",".",".",".",".",".",".","109","24","."
"21340","El Paso, TX","6.6","2.6","56","14","0.1","0.073","9","3","0","36","10.9",".",".","0.01"
"21500","Erie, PA","1.1","0.8","36","6","0.08","0.068","12","6","1","26","12.2","31","11","."
"21660","Eugene, OR",".",".",".",".","0.06","0.056",".",".",".","41","9.8","42","16","."
"21700","Eureka-Arcata-Fortuna, CA","1.3","0.8","26","3","0.05","0.046","1","1","0","23","6.7","51","19","."
"21740","Evanston, WY",".",".","14","2","0.07","0.065",".",".",".",".",".","39","9","."
"21780","Evansville, IN-KY","7","4.8","35","8","0.08","0.068","64","12","3","25","11.1","27","14","."
"21820","Fairbanks, AK","5.9","3.2",".",".","0.05","0.047","37","24","7","39","11.9","95","22","."
"21900","Fairmont, WV",".",".",".",".",".",".",".",".",".","18","9.3",".",".","."
"21980","Fallon, NV",".",".",".",".","0.07","0.064",".",".",".",".",".",".",".","."
"22020","Fargo, ND-MN","0.8","0.3","36","4","0.07","0.059",".",".",".","18","7.2",".",".","."
"22100","Farmington, MO",".",".",".",".",".",".",".",".",".",".",".",".",".","0.08"
"22140","Farmington, NM",".",".","41","12","0.08","0.07","25","3","0","16","5","27","12","."
"22180","Fayetteville, NC",".",".",".",".","0.08","0.062",".",".",".","19","8.8","27","17","."
"22220","Fayetteville-Springdale-Rogers, AR-MO",".",".",".",".","0.07","0.066",".",".",".","20","9.3",".",".","."
"22280","Fernley, NV",".",".",".",".","0.08","0.064",".",".",".",".",".",".",".","."
"22380","Flagstaff, AZ",".",".",".",".","0.08","0.069",".",".",".","10","5.4","27","16","."
"22420","Flint, MI",".",".",".",".","0.08","0.067",".",".",".","17","7.4",".",".","."
"22500","Florence, SC",".",".",".",".","0.07","0.059",".",".",".",".",".",".",".","."
"22520","Florence-Muscle Shoals, AL",".",".",".",".","0.07","0.059",".",".",".","17","8.6",".",".","."
"22540","Fond du Lac, WI",".",".",".",".","0.07","0.063",".",".",".",".",".",".",".","."
"22660","Fort Collins, CO","2.5","1.4",".",".","0.1","0.082",".",".",".","18","6.8","55","21","."
"22800","Fort Madison-Keokuk, IA-IL-MO",".",".",".",".",".",".",".",".",".","25","10.7",".",".","."
"22840","Fort Payne, AL",".",".",".",".","0.07","0.062",".",".",".","19","9",".",".","."
"22900","Fort Smith, AR-OK",".",".","28","6","0.08","0.067",".",".",".","22","9.7","58","19","."
"23060","Fort Wayne, IN","1.9","1.8",".",".","0.07","0.062","6","2","0","26","11.5",".",".","."
"23420","Fresno, CA","3.3","2.2","61","14","0.12","0.095","5","2","1","66","17.1","107","45","0.01"
"23460","Gadsden, AL",".",".",".",".","0.07","0.06",".",".",".","19","9.2",".",".","."
"23500","Gaffney, SC",".",".",".",".","0.08","0.06",".",".",".",".",".",".",".","."
"23540","Gainesville, FL",".",".",".",".","0.07","0.062",".",".",".",".",".",".",".","."
"23580","Gainesville, GA",".",".",".",".",".",".",".",".",".","17","8.5",".",".","."
"23860","Georgetown, SC",".",".",".",".",".",".",".",".",".",".",".","60","18","."
"23900","Gettysburg, PA","0.8","0.7","20","2","0.08","0.067",".",".",".","25","10.4",".",".","."
"23940","Gillette, WY",".",".","52","9","0.07","0.061","37","17","1","14","4.8","118","24","."
"24060","Glenwood Springs, CO",".",".","38","6","0.08","0.069",".",".",".","9","3.9","35","18","."
"24140","Goldsboro, NC",".",".",".",".",".",".",".",".",".","22","10.6",".",".","."
"24260","Grand Island, NE",".",".",".",".",".",".",".",".",".","21","7.6",".",".","."
"24300","Grand Junction, CO","1.4","0.9",".",".","0.07","0.066",".",".",".","40","8.8","53","19","."
"24340","Grand Rapids-Wyoming, MI","1.8","1",".",".","0.09","0.07","14","3","1","19","9","29","14","."
"24420","Grants Pass, OR",".",".",".",".",".",".",".",".",".","36","11.8",".",".","."
"24540","Greeley, CO","3","1.7",".",".","0.09","0.073",".",".",".","21","7.2","47","20","."
"24580","Green Bay, WI",".",".",".",".","0.08","0.068","76","13","2","22","7.7",".",".","."
"24660","Greensboro-High Point, NC",".",".",".",".","0.08","0.062",".",".",".","19","8.7","26","15","."
"24780","Greenville, NC",".",".",".",".","0.07","0.063",".",".",".","15","7.2",".",".","."
"24860","Greenville-Anderson-Mauldin, SC",".",".","45","8","0.07","0.061",".",".",".",".",".","29","13","."
"24940","Greenwood, SC",".",".",".",".","0.07","0.056",".",".",".",".",".",".",".","."
"25020","Guayama, PR",".",".",".",".",".",".",".",".",".",".",".","52","21","."
"25060","Gulfport-Biloxi-Pascagoula, MS",".",".","33","4","0.08","0.064","27","4","1",".",".",".",".","."
"25180","Hagerstown-Martinsburg, MD-WV",".",".",".",".","0.08","0.067",".",".",".","25","9.8",".",".","."
"25220","Hammond, LA",".",".",".",".",".",".",".",".",".","16","7.5",".",".","."
"25260","Hanford-Corcoran, CA",".",".","46","10","0.1","0.085",".",".",".","68","18.2","124","50","."
"25420","Harrisburg-Carlisle, PA",".",".","21","3","0.08","0.068","9","3","0","40","12.1","59","21","."
"25460","Harrison, AR",".",".",".",".","0.07","0.062",".",".",".",".",".",".",".","."
"25500","Harrisonburg, VA",".",".","40","8","0.06","0.058","4","3","1","21","8.4",".",".","."
"25540","Hartford-West Hartford-East Hartford, CT","2.6","1.7",".","8","0.11","0.082",".",".",".","24","8.1","26","12","."
"25740","Helena, MT","0.4","0.3",".",".","0.06","0.054","2","1","0","24","7.4",".",".","."
"25840","Hermiston-Pendleton, OR",".",".",".",".","0.07","0.062",".",".",".","32","8",".",".","."
"25860","Hickory-Lenoir-Morganton, NC",".",".",".",".","0.07","0.063","9","2","1","21","9.6","29","17","."
"25900","Hilo, HI",".",".",".",".",".",".","1219","246","30","23","13.3",".",".","."
"26020","Hobbs, NM",".",".","30","4","0.08","0.068",".",".",".","27","7.9","47","19","."
"26090","Holland, MI",".",".",".",".","0.1","0.078",".",".",".","18","7.8",".",".","."
"26300","Hot Springs, AR",".",".",".",".",".",".",".",".",".","22","9.5",".",".","."
"26380","Houma-Thibodaux, LA",".",".",".",".","0.08","0.065",".",".",".","15","7.2",".",".","."
"26420","Houston-The Woodlands-Sugar Land, TX","2.8","1.9","58","13","0.11","0.084","35","8","1","24","12.2","80","31","0.01"
"26540","Huntington, IN",".",".",".",".","0.07","0.059",".",".",".",".",".",".",".","."
"26580","Huntington-Ashland, WV-KY-OH",".",".","30","6","0.08","0.065","22","16","2","20","9.4","74","23","0.01"
"26620","Huntsville, AL",".",".",".",".","0.08","0.064",".",".",".","16","8.6","37","15","."
"26820","Idaho Falls, ID",".",".",".",".","0.07","0.06",".",".",".",".",".",".",".","."
"26860","Indiana, PA",".",".",".",".","0.08","0.072","66","16","3",".",".",".",".","0.01"
"26900","Indianapolis-Carmel-Anderson, IN","3.6","2.2","44","12","0.08","0.069","78","23","3","25","11.7","56","25","0.02"
"26960","Ionia, MI",".",".",".",".",".",".",".",".",".",".",".",".",".","0.06"
"26980","Iowa City, IA",".",".",".",".",".",".",".",".",".","21","9","42","19","."
"27060","Ithaca, NY",".",".",".",".","0.07","0.065",".",".",".",".",".",".",".","."
"27140","Jackson, MS","1.9","1.5",".",".","0.07","0.059",".",".",".",".",".",".",".","."
"27180","Jackson, TN",".",".",".",".",".",".",".",".",".","18","8.5",".",".","."
"27220","Jackson, WY-ID","1.8","0.7",".",".","0.07","0.063",".",".",".","11","4.9","47","14","."
"27260","Jacksonville, FL","1.6","1.1","38","8","0.08","0.06","60","14","1",".",".","47","19","."
"27460","Jamestown-Dunkirk-Fredonia, NY",".",".",".",".","0.08","0.066","15","4","1",".",".",".",".","."
"27540","Jasper, IN",".",".",".",".",".",".","169","49","4","22","10.9","30","16","."
"27620","Jefferson City, MO",".",".",".",".","0.07","0.061",".",".",".",".",".",".",".","."
"27780","Johnstown, PA","2","1.6","37","8","0.08","0.065",".",".",".","30","11.9","86","25","."
"27900","Joplin, MO",".",".",".",".","0.08","0.069",".",".",".",".",".","110","24","."
"27940","Juneau, AK",".",".",".",".",".",".",".",".",".","23","5.9","24","8","."
"27980","Kahului-Wailuku-Lahaina, HI",".",".",".",".",".",".",".",".",".","13","5.8",".",".","."
"28020","Kalamazoo-Portage, MI",".",".",".",".","0.08","0.068",".",".",".","18","8.8",".",".","."
"28060","Kalispell, MT",".",".",".",".","0.06","0.054",".",".",".","29","8.5","77","22","."
"28140","Kansas City, MO-KS","2.2","1.7","48","13","0.09","0.071","156","51","6","21","10.1","57","25","0.01"
"28180","Kapaa, HI",".","1","32","2",".",".","25","10","1","11","3.9",".",".","."
"28300","Keene, NH",".","1.1",".",".","0.07","0.063",".",".",".","28","8.3",".",".","."
"28660","Killeen-Temple, TX",".",".",".",".","0.08","0.071",".",".",".",".",".",".",".","."
"28700","Kingsport-Bristol-Bristol, TN-VA","2.8","0.9","64","11","0.08","0.063","85","19","3","16","8.5",".",".","0.05"
"28820","Kinston, NC",".",".",".",".","0.07","0.063",".",".",".","18","7.4",".",".","."
"28900","Klamath Falls, OR",".",".",".",".",".",".",".",".",".","50","13",".",".","."
"28940","Knoxville, TN","1.1","0.3",".",".","0.08","0.064",".",".",".","23","11.3","69","22","0.11"
"29060","Laconia, NH",".",".",".",".","0.07","0.06",".",".",".","12","5.2",".",".","."
"29100","La Crosse-Onalaska, WI-MN",".",".",".",".","0.07","0.061",".",".",".","18","8.3",".",".","."
"29180","Lafayette, LA",".",".",".",".","0.08","0.066",".",".",".","18","7.9","74","22","."
"29200","Lafayette-West Lafayette, IN",".",".",".",".","0.07","0.065",".",".",".","23","9.8",".",".","."
"29260","La Grande, OR",".",".",".",".",".",".",".",".",".",".",".","34","14","."
"29340","Lake Charles, LA",".",".","30","5","0.09","0.067","31","9","2","17","7.9",".",".","."
"29380","Lake City, FL",".",".",".",".","0.07","0.059",".",".",".",".",".",".",".","."
"29420","Lake Havasu City-Kingman, AZ",".",".",".",".",".",".",".",".",".",".",".","86","21","."
"29460","Lakeland-Winter Haven, FL",".",".",".",".","0.08","0.064",".",".",".",".",".","52","14","."
"29540","Lancaster, PA",".",".","37","9","0.08","0.066",".",".",".","34","11.3","44","13","0.07"
"29620","Lansing-East Lansing, MI",".",".","37","7","0.08","0.066","19","5","1","17","7.6",".",".","."
"29660","Laramie, WY",".",".",".",".","0.08","0.069",".",".",".","10","4.6","106","25","."
"29700","Laredo, TX","2.2","1.2",".",".","0.08","0.065",".",".",".",".",".","105","38","0.01"
"29740","Las Cruces, NM",".",".","41","7","0.09","0.08",".",".",".",".",".","515","53","."
"29820","Las Vegas-Henderson-Paradise, NV","4","2.9",".","14","0.1","0.082","7","4","2","26","10.8","169","29","0.01"
"30020","Lawton, OK",".",".",".",".","0.08","0.072",".",".",".",".",".",".",".","."
"30140","Lebanon, PA",".",".",".",".","0.09","0.072",".",".",".","36","11.2",".",".","."
"30260","Lewisburg, PA",".",".",".",".",".",".",".",".",".",".",".",".",".","."
"30340","Lewiston-Auburn, ME",".",".",".",".","0.07","0.059",".",".",".",".",".",".",".","."
"30420","Lexington, NE",".",".",".",".",".",".",".",".",".",".",".","81","27","."
"30460","Lexington-Fayette, KY",".",".","44","7","0.07","0.061","18","3","0","20","9.4","25","16","."
"30620","Lima, OH",".",".",".",".","0.08","0.068","7","4","1",".",".",".",".","."
"30700","Lincoln, NE",".",".",".",".","0.06","0.055",".",".",".","20","8.1",".",".","."
"30780","Little Rock-North Little Rock-Conway, AR","1.4","1.1","47","10","0.08","0.07","7","3","2","29","11","61","20","0"
"30860","Logan, UT-ID",".",".","57","14","0.08","0.066",".",".",".","67","10.8","85","24","."
"30980","Longview, TX",".",".","23","5","0.09","0.071","65","12","2",".",".",".",".","."
"31080","Los Angeles-Long Beach-Anaheim, CA","5.6","3.4","71","23","0.13","0.094","12","4","1","30","12.6","82","33","0.1"
"31140","Louisville/Jefferson County, KY-IN","1.9","1.4",".",".","0.09","0.068","30","9","3","24","12.5","36","17","0"
"31220","Ludington, MI",".",".",".",".","0.08","0.068",".",".",".",".",".",".",".","."
"31300","Lumberton, NC",".",".",".",".",".",".",".",".",".","17","7.9",".",".","."
"31340","Lynchburg, VA",".",".",".",".",".",".",".",".",".","18","7.4",".",".","0.01"
"31420","Macon, GA",".",".",".",".","0.08","0.064","11","3","1","21","10",".",".","."
"31460","Madera, CA",".",".",".",".","0.1","0.085",".",".",".","55","17.8","108","37","."
"31540","Madison, WI",".",".",".",".","0.07","0.067","8","4","1","23","9.3","29","16","."
"31660","Malone, NY",".",".",".","4","0.07","0.056",".",".",".",".",".",".",".","."
"31700","Manchester-Nashua, NH","0.4","0.3",".",".","0.08","0.068","5","3","1","15","7.5",".",".","."
"31820","Manitowoc, WI",".",".",".",".","0.09","0.073",".",".",".",".",".",".",".","."
"31930","Marietta, OH",".",".",".",".","0.08","0.063",".",".",".",".",".",".",".","0.01"
"32000","Marion, NC",".",".",".",".",".",".",".",".",".","17","9",".",".","."
"32020","Marion, OH",".",".",".",".",".",".",".",".",".",".",".",".",".","0.03"
"32140","Marshall, MN",".",".",".",".","0.07","0.066",".",".",".","21","7.3",".",".","."
"32220","Marshall, TX",".",".","19","3","0.08","0.07",".",".",".","23","9.4","53","16","."
"32380","Mason City, IA",".",".",".",".",".",".",".",".",".",".",".","52","19","."
"32540","McAlester, OK",".",".",".",".","0.08","0.071",".",".",".","23","10",".",".","0.06"
"32580","McAllen-Edinburg-Mission, TX",".",".",".",".","0.06","0.055",".",".",".",".",".","88","33","."
"32780","Medford, OR",".",".",".",".","0.08","0.067",".",".",".","85","14.5",".",".","."
"32820","Memphis, TN-MS-AR","2.4","1.9","39","8","0.08","0.069",".",".",".","22","10","51","19","0"
"32900","Merced, CA",".",".",".","8","0.1","0.083",".",".",".","67","13.5",".",".","."
"32940","Meridian, MS",".",".",".",".","0.07","0.061",".",".",".",".",".",".",".","."
"33060","Miami, OK",".",".",".",".","0.08","0.066",".",".",".",".",".",".",".","0.02"
"33100","Miami-Fort Lauderdale-West Palm Beach, FL","1.8","1.4","44","8","0.08","0.068","3","1","0","11","4.9","61","18","."
"33140","Michigan City-La Porte, IN",".",".",".",".","0.09","0.069",".",".",".","19","9.3",".",".","."
"33180","Middlesborough, KY",".",".",".",".","0.06","0.058",".",".",".","17","9.1",".",".","."
"33340","Milwaukee-Waukesha-West Allis, WI",".",".","50","10","0.08","0.069","23","5","1","25","9.5","38","17","."
"33460","Minneapolis-St. Paul-Bloomington, MN-WI","3.3","2.5","43","9","0.08","0.067","15","15","1","23","10.2","70","27","0.11"
"33540","Missoula, MT",".",".",".",".","0.09","0.057",".",".",".","31","9.8","58","15","."
"33660","Mobile, AL",".",".",".",".","0.07","0.062",".",".",".","17","8.3","40","21","."
"33700","Modesto, CA","2.6","2.1","46","11","0.09","0.08",".",".",".","61","15","77","35","."
"33740","Monroe, LA",".",".",".",".","0.07","0.062",".",".",".","21","8.1",".",".","."
"33780","Monroe, MI",".",".",".",".",".",".","18","5","1",".",".",".",".","."
"33860","Montgomery, AL",".",".",".",".","0.07","0.061",".",".",".","18","9","27","15","."
"33980","Morehead City, NC",".",".",".",".","0.07","0.062",".",".",".",".",".",".",".","."
"34060","Morgantown, WV",".",".",".",".","0.08","0.064","14","6","2","19","8.9",".",".","."
"34100","Morristown, TN",".",".",".",".","0.08","0.065",".",".",".",".",".",".",".","."
"34500","Mount Vernon, IL",".",".",".",".","0.07","0.064",".",".",".",".",".",".",".","."
"34540","Mount Vernon, OH",".",".",".",".","0.08","0.067",".",".",".",".",".",".",".","."
"34580","Mount Vernon-Anacortes, WA",".",".","23","6","0.06","0.048","5","2","1",".",".",".",".","."
"34620","Muncie, IN",".",".",".",".","0.07","0.061",".",".",".","20","9.8",".",".","0.06"
"34700","Muscatine, IA",".",".",".",".",".",".","179","63","4","27","11.1","47","20","."
"34740","Muskegon, MI",".",".",".",".","0.09","0.073",".",".",".",".",".",".",".","."
"34780","Muskogee, OK",".",".",".",".",".",".","37","9","2",".",".","74","24","."
"34900","Napa, CA","2.8","1.5","40","9","0.08","0.055",".",".",".","28","11.7","36","18","."
"34940","Naples-Immokalee-Marco Island, FL",".",".",".",".","0.07","0.061",".",".",".",".",".",".",".","."
"34980","Nashville-Davidson--Murfreesboro--Franklin, TN","1.6","1.2",".",".","0.08","0.068",".",".",".","21","10.1","29","17","."
"35220","New Castle, IN",".",".",".",".",".",".",".",".",".","21","9.4",".",".","."
"35260","New Castle, PA","1","0.9",".",".","0.08","0.068",".",".",".",".",".","54","19","0.02"
"35300","New Haven-Milford, CT","2","1.4","52","14","0.13","0.085","15","7","1","27","8.8","32","15","."
"35380","New Orleans-Metairie, LA",".",".","46","6","0.09","0.071","181","74","4","18","7.9","52","20","."
"35620","New York-Newark-Jersey City, NY-NJ-PA","3.1","1.9","62","22","0.12","0.078","22","10","2","31","10.9","43","19","0.11"
"35660","Niles-Benton Harbor, MI",".",".",".",".","0.09","0.074",".",".",".","17","8",".",".","."
"35700","Nogales, AZ",".",".",".",".",".",".",".",".",".","26","9.9","87","36","."
"35840","North Port-Sarasota-Bradenton, FL",".",".",".",".","0.08","0.071",".",".",".",".",".","46","16","."
"35980","Norwich-New London, CT",".",".",".",".","0.11","0.085",".",".",".","19","7.5",".",".","."
"36100","Ocala, FL",".",".",".",".","0.07","0.061",".",".",".",".",".",".",".","."
"36260","Ogden-Clearfield, UT","7.8","2.7","63","17","0.09","0.076","9","3","1","49","14.3","92","22","."
"36420","Oklahoma City, OK","1","0.8","46","9","0.09","0.073","3","2","0","21","9.1","62","20","."
"36500","Olympia-Tumwater, WA",".",".",".",".","0.06","0.05",".",".",".",".",".",".",".","."
"36540","Omaha-Council Bluffs, NE-IA","2.4","1.9",".",".","0.08","0.066","56","19","2","24","11","91","32","0.13"
"36740","Orlando-Kissimmee-Sanford, FL","1.1","1","34","5","0.09","0.065","3","0","0",".",".","62","14","."
"36860","Ottawa-Peru, IL",".",".",".",".",".",".","9","2","0",".",".",".",".","."
"36980","Owensboro, KY",".",".","31","5","0.08","0.066","45","10","1","22","10.2",".",".","."
"37080","Oxford, NC",".",".",".",".","0.08","0.063",".",".",".",".",".",".",".","."
"37100","Oxnard-Thousand Oaks-Ventura, CA",".",".","37","9","0.1","0.077",".",".",".","22","9.4","143","27","."
"37140","Paducah, KY-IL",".",".","34","6","0.08","0.065","18","3","0",".",".",".",".","."
"37220","Pahrump, NV",".",".",".",".",".",".",".",".",".",".",".","153","23","."
"37260","Palatka, FL",".",".",".",".",".",".","27","5","0",".",".","54","16","."
"37340","Palm Bay-Melbourne-Titusville, FL",".",".",".",".","0.07","0.063",".",".",".",".",".","54","14","."
"37460","Panama City, FL",".",".",".",".","0.07","0.063",".",".",".",".",".",".",".","."
"37620","Parkersburg-Vienna, WV",".",".",".",".","0.08","0.064","25","10","4","21","9.4",".",".","."
"37740","Payson, AZ",".",".",".",".","0.09","0.072","256","43","7",".",".","144","42","0.12"
"37860","Pensacola-Ferry Pass-Brent, FL",".",".",".",".","0.08","0.066","29","5","0",".",".",".",".","."
"37900","Peoria, IL",".",".",".",".","0.07","0.066","195","47","3",".",".",".",".","0.01"
"37980","Philadelphia-Camden-Wilmington, PA-NJ-DE-MD","2.4","1.8","52","17","0.1","0.073","15","10","2","37","11.6","64","31","0"
"38060","Phoenix-Mesa-Scottsdale, AZ","4.2","2.7","63","25","0.1","0.079","9","4","1","42","15.7","510","96","0.04"
"38300","Pittsburgh, PA","2.1","1.5","40","11","0.09","0.078","81","24","4","31","12","65","24","0.22"
"38340","Pittsfield, MA",".",".",".",".","0.08","0.063",".",".",".","16","7.4",".",".","."
"38420","Platteville, WI",".",".",".",".",".",".",".",".",".","19","8.9",".",".","."
"38540","Pocatello, ID",".",".",".",".",".",".","40","19","3",".",".","148","22","."
"38620","Ponca City, OK",".",".",".",".","0.08","0.073","30","9","1","20","9.1",".",".","."
"38660","Ponce, PR","7.9","2.1",".",".",".",".",".",".",".","12","5.8","68","30","."
"38820","Port Angeles, WA","0.3","0.2",".",".","0.06","0.051",".",".",".",".",".",".",".","."
"38860","Portland-South Portland, ME",".","1.4","46","8","0.1","0.076","12","5","1",".",".","34","19","."
"38900","Portland-Vancouver-Hillsboro, OR-WA","2.2","1.8","33","10","0.08","0.059","5","3","1","43","9.1","43","13","0"
"39020","Portsmouth, OH",".",".",".",".",".",".","14","4","1","18","9.4","40","17","."
"39140","Prescott, AZ",".",".",".",".","0.07","0.065",".",".",".","8","4.2","27","12","."
"39220","Price, UT",".",".","27","4","0.08","0.067",".",".",".",".",".",".",".","."
"39260","Prineville, OR",".",".",".",".",".",".",".",".",".","49","11",".",".","."
"39300","Providence-Warwick, RI-MA","2","1.3","43","10","0.1","0.079","62","12","2","23","9.5","41","19","0.01"
"39340","Provo-Orem, UT","3","2.1","75","19","0.1","0.077",".",".",".","82","11.5","136","26","."
"39380","Pueblo, CO",".",".",".",".",".",".",".",".",".","17","6.5","62","20","."
"39500","Quincy, IL-MO",".",".",".",".","0.07","0.063",".",".",".",".",".",".",".","."
"39540","Racine, WI",".",".",".",".","0.08","0.066",".",".",".",".",".",".",".","."
"39580","Raleigh, NC","1.5","1.2",".",".","0.07","0.062","6","2","0","22","10.7","27","13","0"
"39660","Rapid City, SD",".",".","39","7","0.07","0.063","9","2","0","17","7.9","128","38","."
"39740","Reading, PA","0.8","0.6","34","7","0.08","0.068",".",".",".","38","12.8","33","12","0.17"
"39780","Red Bluff, CA",".",".",".",".","0.09","0.072",".",".",".",".",".","43","21","."
"39820","Redding, CA",".",".",".",".","0.08","0.068",".",".",".","16","5.9","39","20","."
"39860","Red Wing, MN",".",".",".",".","0.07","0.062",".",".",".",".",".",".",".","."
"39900","Reno, NV","2.8","2.4","56","16","0.08","0.069","6","4","1","41","12.3","121","38","."
"39980","Richmond, IN",".",".",".",".",".",".","14","9","3",".",".",".",".","."
"40060","Richmond, VA","1.5","1.2","39","8","0.08","0.066","30","5","1","19","8.2","30","13","0"
"40080","Richmond-Berea, KY",".",".",".",".",".",".",".",".",".","17","8.2",".",".","0.08"
"40140","Riverside-San Bernardino-Ontario, CA","3.3","1.6","61","21","0.15","0.104","5","2","1","42","14.1","188","55","0.01"
"40180","Riverton, WY",".","0.4","5","1","0.07","0.066",".",".",".",".",".","39","16","."
"40220","Roanoke, VA","1","1","35","6","0.07","0.057",".",".",".",".",".",".",".","."
"40340","Rochester, MN",".",".",".",".","0.07","0.064",".",".",".","21","8.7",".",".","."
"40380","Rochester, NY","1.1","0.8",".",".","0.07","0.066","17","5","1","18","7.2",".",".","."
"40420","Rockford, IL",".",".",".",".","0.07","0.063",".",".",".",".",".",".",".","0.05"
"40500","Rockland, ME",".",".",".",".","0.09","0.076",".",".",".",".",".",".",".","."
"40540","Rock Springs, WY",".",".","38","4","0.08","0.067","29","6","3","12","5.1","168","27","."
"40580","Rocky Mount, NC",".",".",".",".","0.08","0.064",".",".",".","17","7.9",".",".","."
"40660","Rome, GA",".",".",".",".",".",".","28","3","1","19","9.4",".",".","."
"40860","Rutland, VT","2.9","1.3","36","7",".",".","10","7",".","21","7.9",".",".","."
"40900","Sacramento--Roseville--Arden-Arcade, CA","2.8","2.4","50","10","0.11","0.082","3","2","1","49","12.6","59","23","0"
"41060","St. Cloud, MN",".",".",".",".","0.07","0.061",".",".",".","22","6.4",".",".","."
"41100","St. George, UT",".",".",".",".","0.08","0.07",".",".",".",".",".",".",".","."
"41140","St. Joseph, MO-KS",".",".",".",".","0.08","0.066",".",".",".","24","11.2","76","29","."
"41180","St. Louis, MO-IL","1.7","1","51","14","0.1","0.075","143","39","7","24","11.3","84","32","0.66"
"41260","St. Marys, PA",".",".",".",".","0.07","0.065",".",".",".",".",".",".",".","."
"41400","Salem, OH",".",".",".",".",".",".",".",".",".",".",".","31","17","0.02"
"41420","Salem, OR",".",".",".",".","0.07","0.055",".",".",".",".",".",".",".","."
"41460","Salina, KS",".",".",".",".",".",".",".",".",".",".",".",".",".","0.23"
"41500","Salinas, CA","1.7","0.8","36","5","0.07","0.059",".",".",".","16","6.7","75","27","."
"41540","Salisbury, MD-DE",".",".","18","2","0.08","0.072","7","3","0","23","8.5",".",".","."
"41620","Salt Lake City, UT","2.7","1.7","62","18","0.1","0.077","26","4","1",".",".","105","22","0.08"
"41700","San Antonio-New Braunfels, TX",".",".","35","5","0.09","0.083","15","3","1","26","8.3","71","23","0.02"
"41740","San Diego-Carlsbad, CA","24.1","6.7","75","19","0.09","0.078","1","1","0","25","10.6","49","25","0.01"
"41860","San Francisco-Oakland-Hayward, CA","3.6","2.6","60","17","0.1","0.069","17","5","1","32","12.8","42","17","."
"41940","San Jose-Sunnyvale-Santa Clara, CA","2.7","2.1","52","15","0.09","0.071","10","2","0","35","12.4","53","21","0.12"
"41980","San Juan-Carolina-Caguas, PR","9.5","2.7",".",".","0.04","0.034","89","14","2","13","6.9","78","30","."
"42020","San Luis Obispo-Paso Robles-Arroyo Grande, CA",".",".","37","7","0.08","0.074","53","10","1","31","12.5","158","40","."
"42100","Santa Cruz-Watsonville, CA",".",".",".",".","0.07","0.064",".",".",".","14","6.7",".",".","."
"42140","Santa Fe, NM",".",".",".",".","0.07","0.068",".",".",".","12","5","25","10","."
"42200","Santa Maria-Santa Barbara, CA","2.4","1","37","10","0.08","0.065","38","13","1","16","8.9","55","21","."
"42220","Santa Rosa, CA","1.7","1.2","37","9","0.07","0.055",".",".",".","23","8.5","30","13","."
"42300","Sault Ste. Marie, MI",".",".",".",".","0.07","0.061",".",".",".","16","6.2",".",".","."
"42340","Savannah, GA",".",".",".",".","0.08","0.059","93","28","3","18","9",".",".","."
"42380","Sayre, PA",".",".",".","4","0.06","0.053",".",".",".",".",".",".",".","."
"42540","Scranton--Wilkes-Barre--Hazleton, PA","1.8","1.3","40","8","0.08","0.067","7","5","1","24","9.2","45","15","0.06"
"42660","Seattle-Tacoma-Bellevue, WA","1.5","1.3",".",".","0.08","0.059",".",".",".","33","12.2","28","11","0"
"42680","Sebastian-Vero Beach, FL",".",".",".",".","0.07","0.063",".",".",".",".",".",".",".","."
"42700","Sebring, FL",".",".",".",".","0.07","0.061",".",".",".",".",".",".",".","."
"42940","Sevierville, TN",".",".",".",".","0.07","0.065",".",".",".",".",".",".",".","."
"42980","Seymour, IN",".",".",".",".","0.08","0.063",".",".",".",".",".",".",".","."
"43060","Shawnee, OK",".",".",".",".","0.07","0.065",".",".",".",".",".",".",".","."
"43100","Sheboygan, WI",".",".",".",".","0.09","0.078",".",".",".",".",".",".",".","0.11"
"43260","Sheridan, WY",".",".",".",".","0.06","0.058",".",".",".","18","7","52","17","."
"43320","Show Low, AZ",".",".",".",".","0.08","0.069",".",".",".",".",".","46","15","."
"43340","Shreveport-Bossier City, LA",".",".",".",".","0.08","0.069","12","4","1","42","11.6","68","19","."
"43420","Sierra Vista-Douglas, AZ",".",".",".",".","0.08","0.072",".",".",".",".",".","218","37","."
"43500","Silver City, NM",".",".",".",".","0.06","0.058","1","0","0",".",".","44","14","."
"43580","Sioux City, IA-NE-SD","0.5","0.3","39","4","0.07","0.063","16","3","0","24","10.5","75","20","."
"43620","Sioux Falls, SD","1.1","0.5","34","5","0.08","0.067","3","1","1","25","8.9","55","20","."
"43700","Somerset, KY",".",".",".",".","0.07","0.061",".",".",".","18","8.8",".",".","."
"43740","Somerset, PA",".",".",".",".","0.07","0.061",".",".",".",".",".",".",".","."
"43760","Sonora, CA",".",".",".",".","0.09","0.07",".",".",".",".",".",".",".","."
"43780","South Bend-Mishawaka, IN-MI",".",".","38","8","0.08","0.071",".",".",".","26","12.9",".",".","."
"43900","Spartanburg, SC",".",".",".",".","0.08","0.065",".",".",".",".",".",".",".","."
"44060","Spokane-Spokane Valley, WA","3.3","2.3",".",".","0.07","0.062",".",".",".",".",".","93","21","."
"44100","Springfield, IL",".",".",".",".","0.08","0.062","12","2","0",".",".",".",".","."
"44140","Springfield, MA","1.5","1.3","45","14","0.11","0.071","11","6","1","19","7.9","29","14","0"
"44180","Springfield, MO",".",".",".",".","0.08","0.064","31","9","2","19","8.3",".",".","."
"44220","Springfield, OH",".",".",".",".","0.08","0.071","17","8","1","24","10.1",".",".","."
"44300","State College, PA",".",".","34","5","0.07","0.065",".",".",".","22","8.6",".",".","."
"44460","Steamboat Springs, CO",".",".",".",".",".",".",".",".",".",".",".","77","20","."
"44580","Sterling, IL",".",".",".",".",".",".",".",".",".",".",".",".",".","0.02"
"44700","Stockton-Lodi, CA","2.5","1.7","57","16","0.09","0.073",".",".",".","56","17.9","122","32","."
"44900","Summerville, GA",".",".",".",".","0.07","0.059",".",".",".",".",".",".",".","."
"45060","Syracuse, NY",".",".",".",".","0.07","0.065","5","3","1","16","6.4",".",".","."
"45140","Tahlequah, OK",".",".",".",".","0.08","0.065",".",".",".",".",".",".",".","."
"45180","Talladega-Sylacauga, AL",".",".",".",".",".",".",".",".",".","17","9.2",".",".","."
"45220","Tallahassee, FL",".",".",".",".","0.08","0.062",".",".",".","23","8.2",".",".","."
"45300","Tampa-St. Petersburg-Clearwater, FL","1.5","0.9","34","5","0.08","0.07","68","15","1",".",".","49","21","0.49"
"45460","Terre Haute, IN",".",".",".",".","0.07","0.066","103","27","4","23","10.7","32","17","."
"45500","Texarkana, TX-AR",".",".",".",".",".",".",".",".",".","28","10.4",".",".","."
"45780","Toledo, OH",".",".",".",".","0.08","0.068","29","8",".","22","10.2",".",".","0.06"
"45820","Topeka, KS",".",".",".",".","0.07","0.066",".",".",".","20","8.4","54","16","."
"45860","Torrington, CT","2.7","0.6","23","2","0.11","0.068","4","3","0","13","5.2","19","7","."
"45900","Traverse City, MI",".",".",".",".","0.08","0.069",".",".",".",".",".",".",".","."
"45940","Trenton, NJ",".",".",".",".","0.09","0.07",".",".",".","24","9.1",".",".","."
"45980","Troy, AL",".",".",".",".",".",".",".",".",".",".",".",".",".","0.26"
"46020","Truckee-Grass Valley, CA",".",".",".",".","0.09","0.078",".",".",".","28","5.7",".",".","."
"46060","Tucson, AZ","1.8","1.1","44","11","0.08","0.074","7","1","0","16","6.8","363","40","0"
"46140","Tulsa, OK","1.6","1","38","8","0.1","0.072","48","19","2","21","9.3","67","19","0.01"
"46180","Tupelo, MS",".",".",".",".","0.07","0.061",".",".",".",".",".",".",".","."
"46220","Tuscaloosa, AL",".",".",".",".","0.07","0.059","8","1","0","20","9",".",".","."
"46340","Tyler, TX",".",".","17","3","0.09","0.071",".",".",".",".",".",".",".","."
"46520","Urban Honolulu, HI","1.5","1.2","23","3","0.06","0.047","9","5","2","13","6.2","39","19","0"
"46540","Utica-Rome, NY",".",".",".",".","0.07","0.061","3","2","1",".",".",".",".","."
"46660","Valdosta, GA",".",".",".",".",".",".",".",".",".","19","8.5",".",".","."
"46700","Vallejo-Fairfield, CA","2.6","2","43","10","0.08","0.064","4","2","1","37","11.3","30","13","."
"46860","Vernal, UT",".","1.8","78","11","0.16","0.133",".",".",".",".",".",".",".","."
"47020","Victoria, TX",".",".",".",".","0.07","0.062",".",".",".",".",".",".",".","."
"47180","Vincennes, IN",".",".",".",".","0.07","0.064",".",".",".",".",".",".",".","."
"47220","Vineland-Bridgeton, NJ",".",".",".",".","0.08","0.061",".",".",".",".",".",".",".","."
"47240","Vineyard Haven, MA",".",".",".",".","0.08","0.065",".",".",".",".",".",".",".","."
"47260","Virginia Beach-Norfolk-Newport News, VA-NC","2","1.1","41","8","0.08","0.068","52","10","1","18","7.7","21","12","."
"47300","Visalia-Porterville, CA",".",".","53","13","0.12","0.09",".",".",".","63","18.9","122","44","."
"47340","Wabash, IN",".",".",".",".","0.08","0.068",".",".",".",".",".",".",".","."
"47380","Waco, TX","0.4","0.3","24","3","0.08","0.072","7","2","0",".",".",".",".","."
"47500","Walterboro, SC",".",".",".",".","0.06","0.05",".",".",".",".",".",".",".","."
"47580","Warner Robins, GA",".",".",".",".",".",".",".",".",".","18","8.7",".",".","."
"47620","Warren, PA",".",".",".",".",".",".","123","27","5",".",".",".",".","."
"47780","Washington, IN",".",".",".",".",".",".","150","24","3",".",".",".",".","."
"47820","Washington, NC",".",".",".",".",".",".","22","6","1",".",".",".",".","."
"47900","Washington-Arlington-Alexandria, DC-VA-MD-WV","4.9","3.1","64","13","0.09","0.072","10","4","1","26","11.6","40","17","0"
"47920","Washington Court House, OH",".",".",".",".","0.08","0.064",".",".",".",".",".",".",".","."
"47940","Waterloo-Cedar Falls, IA",".",".",".",".","0.07","0.06",".",".",".","18","9.3","58","21","."
"47980","Watertown, SD",".",".",".",".",".",".",".",".",".","21","9.7","73","20","."
"48020","Watertown-Fort Atkinson, WI",".",".",".",".","0.08","0.069",".",".",".",".",".",".",".","."
"48060","Watertown-Fort Drum, NY",".",".",".",".","0.08","0.066",".",".",".",".",".",".",".","."
"48140","Wausau, WI",".",".",".",".","0.07","0.063",".",".",".",".",".",".",".","."
"48260","Weirton-Steubenville, WV-OH","1.9","1.3",".",".","0.08","0.069","62","19","5","27","11","46","25","."
"48540","Wheeling, WV-OH",".",".",".",".","0.08","0.063","33","10","2","25","10.4",".",".","."
"48580","Whitewater-Elkhorn, WI",".",".",".",".","0.07","0.067",".",".",".",".",".",".",".","."
"48620","Wichita, KS","1.9","1.3","40","9","0.08","0.071","6","5","1","23","9.5","84","23","."
"48700","Williamsport, PA",".",".",".",".","0.07","0.065",".",".",".",".",".","22","12","."
"48780","Williston, ND",".",".",".",".","0.06","0.059","264","41","3","22","9.6","76","23","."
"48900","Wilmington, NC",".",".",".",".","0.07","0.064","45","8","0","15","6.6",".",".","."
"48940","Wilmington, OH",".",".",".",".","0.08","0.064",".",".",".",".",".",".",".","."
"49020","Winchester, VA-WV",".",".",".",".","0.07","0.06",".",".",".","24","8.8","19","10","."
"49180","Winston-Salem, NC","2.4","1.7","37","6","0.08","0.066","5","2","0","20","9.3","26","12","."
"49340","Worcester, MA-CT","1.9","1.3","48","12","0.09","0.07","8","7","3","18","7.2","47","18","."
"49420","Yakima, WA",".",".",".",".",".",".",".",".",".","38","9.6",".",".","."
"49620","York-Hanover, PA","2","1.2","39","10","0.09","0.068",".",".",".","25","10.5","43","15","."
"49660","Youngstown-Warren-Boardman, OH-PA",".",".",".",".","0.08","0.069","27","7","1","25","10.9","39","19","0.01"
"49700","Yuba City, CA",".",".","52","10","0.08","0.071",".",".",".","25","8.2",".",".","."
"49740","Yuma, AZ",".",".",".",".","0.09","0.073",".",".",".",".",".","228","41","."
